{"cameraMode":{"drawMode":0,"name":"Shaded","section":"Shading Mode"},"sceneLighting":false,"audioPlay":false,"sceneViewState":{"showFog":true,"showMaterialUpdate":false,"showSkybox":false,"showFlares":true,"showImageEffects":true,"showParticleSystems":true},"in2DMode":false,"pivot":{"x":-0.17399799823760987,"y":0.19600129127502442,"z":-0.00899350643157959},"rotation":{"x":0.26836222410202029,"y":0.4393380582332611,"z":-0.14090555906295777,"w":0.8461573123931885},"size":6.2638349533081059,"orthographic":false}