{"cameraMode":{"drawMode":0,"name":"Shaded","section":"Shading Mode"},"sceneLighting":false,"audioPlay":false,"sceneViewState":{"showFog":true,"showMaterialUpdate":false,"showSkybox":false,"showFlares":true,"showImageEffects":true,"showParticleSystems":true},"in2DMode":false,"pivot":{"x":-1.0000009536743165,"y":0.9999998807907105,"z":-1.0000008344650269},"rotation":{"x":-0.05838998034596443,"y":-0.8635587692260742,"z":0.10316718369722367,"w":-0.4903617799282074},"size":1.732050895690918,"orthographic":false}