{"cameraMode":{"drawMode":0,"name":"Shaded","section":"Shading Mode"},"sceneLighting":false,"audioPlay":false,"sceneViewState":{"showFog":true,"showMaterialUpdate":false,"showSkybox":false,"showFlares":true,"showImageEffects":true,"showParticleSystems":true},"in2DMode":false,"pivot":{"x":-0.7360906600952148,"y":5.572179317474365,"z":0.5447595119476318},"rotation":{"x":0.38913899660110476,"y":-0.31611281633377077,"z":0.1440218687057495,"w":0.8533316850662231},"size":12.279579162597657,"orthographic":false}