{"cameraMode":{"drawMode":0,"name":"Shaded","section":"Shading Mode"},"sceneLighting":false,"audioPlay":false,"sceneViewState":{"showFog":true,"showMaterialUpdate":false,"showSkybox":false,"showFlares":true,"showImageEffects":true,"showParticleSystems":true},"in2DMode":false,"pivot":{"x":-0.00027304887771606445,"y":0.23618733882904054,"z":-2.9802322387695315e-8},"rotation":{"x":-0.05838998034596443,"y":-0.8635587692260742,"z":0.10316718369722367,"w":-0.4903617799282074},"size":0.6901248097419739,"orthographic":false}