{"cameraMode":{"drawMode":0,"name":"Shaded","section":"Shading Mode"},"sceneLighting":false,"audioPlay":false,"sceneViewState":{"showFog":true,"showMaterialUpdate":false,"showSkybox":false,"showFlares":true,"showImageEffects":true,"showParticleSystems":true},"in2DMode":false,"pivot":{"x":-1.2549562454223633,"y":4.2478156089782719,"z":-3.7854623794555666},"rotation":{"x":0.1447136253118515,"y":-0.6147474646568298,"z":0.1156650260090828,"w":0.7668229937553406},"size":10.53219223022461,"orthographic":false}