{"cameraMode":{"drawMode":0,"name":"Shaded","section":"Shading Mode"},"sceneLighting":false,"audioPlay":false,"sceneViewState":{"showFog":true,"showMaterialUpdate":false,"showSkybox":false,"showFlares":true,"showImageEffects":true,"showParticleSystems":true},"in2DMode":false,"pivot":{"x":-0.04998809099197388,"y":0.5000025629997253,"z":-0.5000011920928955},"rotation":{"x":0.26836222410202029,"y":0.4393380582332611,"z":-0.14090555906295777,"w":0.8461573123931885},"size":0.7088758945465088,"orthographic":false}