{"cameraMode":{"drawMode":0,"name":"Shaded","section":"Shading Mode"},"sceneLighting":false,"audioPlay":false,"sceneViewState":{"showFog":true,"showMaterialUpdate":false,"showSkybox":false,"showFlares":true,"showImageEffects":true,"showParticleSystems":true},"in2DMode":false,"pivot":{"x":-1.4901161193847657e-8,"y":0.3916504383087158,"z":0.7876373529434204},"rotation":{"x":0.26836222410202029,"y":0.4393380582332611,"z":-0.14090555906295777,"w":0.8461573123931885},"size":0.9037824273109436,"orthographic":false}