{"cameraMode":{"drawMode":0,"name":"Shaded","section":"Shading Mode"},"sceneLighting":false,"audioPlay":false,"sceneViewState":{"showFog":true,"showMaterialUpdate":false,"showSkybox":false,"showFlares":true,"showImageEffects":true,"showParticleSystems":true},"in2DMode":false,"pivot":{"x":-0.020220309495925905,"y":0.9979677796363831,"z":-0.0005499124526977539},"rotation":{"x":0.03820302337408066,"y":0.9088095426559448,"z":-0.08829860389232636,"w":0.40703803300857546},"size":1.0365111827850342,"orthographic":false}