{"cameraMode":{"drawMode":0,"name":"Shaded","section":"Shading Mode"},"sceneLighting":false,"audioPlay":false,"sceneViewState":{"showFog":true,"showMaterialUpdate":false,"showSkybox":false,"showFlares":true,"showImageEffects":true,"showParticleSystems":true},"in2DMode":false,"pivot":{"x":2.549537181854248,"y":4.095638275146484,"z":-2.2278175354003908},"rotation":{"x":0.1447136253118515,"y":-0.6147474646568298,"z":0.1156650260090828,"w":0.7668229937553406},"size":8.019803047180176,"orthographic":false}