{"cameraMode":{"drawMode":0,"name":"Shaded","section":"Shading Mode"},"sceneLighting":false,"audioPlay":false,"sceneViewState":{"showFog":true,"showMaterialUpdate":false,"showSkybox":false,"showFlares":true,"showImageEffects":true,"showParticleSystems":true},"in2DMode":false,"pivot":{"x":-0.03900003060698509,"y":0.3410000205039978,"z":-0.03450000286102295},"rotation":{"x":0.26836222410202029,"y":0.4393380582332611,"z":-0.14090555906295777,"w":0.8461573123931885},"size":0.43298646807670596,"orthographic":false}