{"cameraMode":{"drawMode":0,"name":"Shaded","section":"Shading Mode"},"sceneLighting":false,"audioPlay":false,"sceneViewState":{"showFog":true,"showMaterialUpdate":false,"showSkybox":false,"showFlares":true,"showImageEffects":true,"showParticleSystems":true},"in2DMode":false,"pivot":{"x":-0.009071983397006989,"y":0.7520585060119629,"z":0.0008313506841659546},"rotation":{"x":0.03820302337408066,"y":0.9088095426559448,"z":-0.08829860389232636,"w":0.40703803300857546},"size":0.7741631269454956,"orthographic":false}