{"cameraMode":{"drawMode":0,"name":"Shaded","section":"Shading Mode"},"sceneLighting":false,"audioPlay":false,"sceneViewState":{"showFog":true,"showMaterialUpdate":false,"showSkybox":false,"showFlares":true,"showImageEffects":true,"showParticleSystems":true},"in2DMode":false,"pivot":{"x":0.04853945970535278,"y":0.5570101141929627,"z":0.12655317783355714},"rotation":{"x":-0.1768437922000885,"y":-0.4246940016746521,"z":0.08697028458118439,"w":-0.8839340209960938},"size":0.6860460042953491,"orthographic":false}