{"cameraMode":{"drawMode":0,"name":"Shaded","section":"Shading Mode"},"sceneLighting":false,"audioPlay":false,"sceneViewState":{"showFog":true,"showMaterialUpdate":false,"showSkybox":false,"showFlares":true,"showImageEffects":true,"showParticleSystems":true},"in2DMode":false,"pivot":{"x":0.027478262782096864,"y":0.2891051769256592,"z":0.00507461279630661},"rotation":{"x":0.039445921778678897,"y":0.9057039022445679,"z":-0.09100840985774994,"w":0.4127918779850006},"size":0.337615430355072,"orthographic":false}