{"cameraMode":{"drawMode":0,"name":"Shaded","section":"Shading Mode"},"sceneLighting":false,"audioPlay":false,"sceneViewState":{"showFog":true,"showMaterialUpdate":false,"showSkybox":false,"showFlares":true,"showImageEffects":true,"showParticleSystems":true},"in2DMode":false,"pivot":{"x":-0.9603176116943359,"y":5.278709888458252,"z":-3.5964393615722658},"rotation":{"x":0.34164905548095705,"y":0.18256287276744843,"z":-0.06816563755273819,"w":0.9195058345794678},"size":47.73847198486328,"orthographic":false}