{"cameraMode":{"drawMode":0,"name":"Shaded","section":"Shading Mode"},"sceneLighting":false,"audioPlay":false,"sceneViewState":{"showFog":true,"showMaterialUpdate":false,"showSkybox":false,"showFlares":true,"showImageEffects":true,"showParticleSystems":true},"in2DMode":false,"pivot":{"x":-8.046626476243546e-7,"y":0.5000056624412537,"z":0.4875493049621582},"rotation":{"x":0.039445921778678897,"y":0.9057039022445679,"z":-0.09100840985774994,"w":0.4127918779850006},"size":0.6983616948127747,"orthographic":false}