{"cameraMode":{"drawMode":0,"name":"Shaded","section":"Shading Mode"},"sceneLighting":false,"audioPlay":false,"sceneViewState":{"showFog":true,"showMaterialUpdate":false,"showSkybox":false,"showFlares":true,"showImageEffects":true,"showParticleSystems":true},"in2DMode":false,"pivot":{"x":7.715815544128418,"y":7.115719318389893,"z":6.296670436859131},"rotation":{"x":0.219996377825737,"y":0.4381049573421478,"z":-0.11176922917366028,"w":0.8645085692405701},"size":14.458581924438477,"orthographic":false}