{"cameraMode":{"drawMode":0,"name":"Shaded","section":"Shading Mode"},"sceneLighting":false,"audioPlay":false,"sceneViewState":{"showFog":true,"showMaterialUpdate":false,"showSkybox":false,"showFlares":true,"showImageEffects":true,"showParticleSystems":true},"in2DMode":false,"pivot":{"x":-0.2014496922492981,"y":1.0500026941299439,"z":-0.4514465928077698},"rotation":{"x":-0.1768437922000885,"y":-0.4246940016746521,"z":0.08697028458118439,"w":-0.8839340209960938},"size":1.2227015495300294,"orthographic":false}