{"cameraMode":{"drawMode":0,"name":"Shaded","section":"Shading Mode"},"sceneLighting":false,"audioPlay":false,"sceneViewState":{"showFog":true,"showMaterialUpdate":false,"showSkybox":false,"showFlares":true,"showImageEffects":true,"showParticleSystems":true},"in2DMode":false,"pivot":{"x":7.5,"y":6.885045051574707,"z":-3.6776790618896486},"rotation":{"x":0.34164905548095705,"y":0.18256287276744843,"z":-0.06816563755273819,"w":0.9195058345794678},"size":17.81056785583496,"orthographic":false}