{"cameraMode":{"drawMode":0,"name":"Shaded","section":"Shading Mode"},"sceneLighting":false,"audioPlay":false,"sceneViewState":{"showFog":true,"showMaterialUpdate":false,"showSkybox":false,"showFlares":true,"showImageEffects":true,"showParticleSystems":true},"in2DMode":false,"pivot":{"x":5.5963239669799809,"y":8.192936897277832,"z":-4.260000705718994},"rotation":{"x":0.17879192531108857,"y":0.4075084626674652,"z":-0.08285418152809143,"w":0.8919269442558289},"size":11.307043075561524,"orthographic":false}