{"cameraMode":{"drawMode":0,"name":"Shaded","section":"Shading Mode"},"sceneLighting":false,"audioPlay":false,"sceneViewState":{"showFog":true,"showMaterialUpdate":false,"showSkybox":false,"showFlares":true,"showImageEffects":true,"showParticleSystems":true},"in2DMode":false,"pivot":{"x":-4.470348358154297e-8,"y":0.47180262207984927,"z":0.0026224851608276369},"rotation":{"x":0.039445921778678897,"y":0.9057039022445679,"z":-0.09100840985774994,"w":0.4127918779850006},"size":0.5787789225578308,"orthographic":false}