{"cameraMode":{"drawMode":0,"name":"Shaded","section":"Shading Mode"},"sceneLighting":false,"audioPlay":false,"sceneViewState":{"showFog":true,"showMaterialUpdate":false,"showSkybox":false,"showFlares":true,"showImageEffects":true,"showParticleSystems":true},"in2DMode":false,"pivot":{"x":0.0,"y":0.10832881182432175,"z":0.005308856256306171},"rotation":{"x":0.039445921778678897,"y":0.9057039022445679,"z":-0.09100840985774994,"w":0.4127918779850006},"size":0.11801353842020035,"orthographic":false}