{"cameraMode":{"drawMode":0,"name":"Shaded","section":"Shading Mode"},"sceneLighting":false,"audioPlay":false,"sceneViewState":{"showFog":true,"showMaterialUpdate":false,"showSkybox":false,"showFlares":true,"showImageEffects":true,"showParticleSystems":true},"in2DMode":false,"pivot":{"x":0.018499135971069337,"y":0.18249940872192384,"z":-0.24394512176513673},"rotation":{"x":0.26836222410202029,"y":0.4393380582332611,"z":-0.14090555906295777,"w":0.8461573123931885},"size":10.652283668518067,"orthographic":false}