{"cameraMode":{"drawMode":0,"name":"Shaded","section":"Shading Mode"},"sceneLighting":false,"audioPlay":false,"sceneViewState":{"showFog":true,"showMaterialUpdate":false,"showSkybox":false,"showFlares":true,"showImageEffects":true,"showParticleSystems":true},"in2DMode":false,"pivot":{"x":3.9443655014038088,"y":5.960450649261475,"z":-2.3654632568359377},"rotation":{"x":0.19916923344135285,"y":-0.702495276927948,"z":0.2129664123058319,"w":0.6495791077613831},"size":9.772242546081543,"orthographic":false}