{"cameraMode":{"drawMode":0,"name":"Shaded","section":"Shading Mode"},"sceneLighting":false,"audioPlay":false,"sceneViewState":{"showFog":true,"showMaterialUpdate":false,"showSkybox":false,"showFlares":true,"showImageEffects":true,"showParticleSystems":true},"in2DMode":false,"pivot":{"x":-2.384185791015625e-7,"y":0.874468207359314,"z":-0.023204326629638673},"rotation":{"x":-0.03832763805985451,"y":-0.9411304593086243,"z":0.12319055199623108,"w":-0.3135369122028351},"size":1.186112642288208,"orthographic":false}