{"cameraMode":{"drawMode":0,"name":"Shaded","section":"Shading Mode"},"sceneLighting":false,"audioPlay":false,"sceneViewState":{"showFog":true,"showMaterialUpdate":false,"showSkybox":false,"showFlares":true,"showImageEffects":true,"showParticleSystems":true},"in2DMode":false,"pivot":{"x":5.7674102783203129,"y":5.129328727722168,"z":1.340522289276123},"rotation":{"x":0.34164905548095705,"y":0.18256287276744843,"z":-0.06816563755273819,"w":0.9195058345794678},"size":19.42425537109375,"orthographic":false}