{"cameraMode":{"drawMode":0,"name":"Shaded","section":"Shading Mode"},"sceneLighting":false,"audioPlay":false,"sceneViewState":{"showFog":true,"showMaterialUpdate":false,"showSkybox":false,"showFlares":true,"showImageEffects":true,"showParticleSystems":true},"in2DMode":false,"pivot":{"x":1.0026423931121827,"y":0.26512718200683596,"z":0.7485318779945374},"rotation":{"x":0.039445921778678897,"y":0.9057039022445679,"z":-0.09100840985774994,"w":0.4127918779850006},"size":2.4875144958496095,"orthographic":false}