{"cameraMode":{"drawMode":0,"name":"Shaded","section":"Shading Mode"},"sceneLighting":false,"audioPlay":false,"sceneViewState":{"showFog":true,"showMaterialUpdate":false,"showSkybox":false,"showFlares":true,"showImageEffects":true,"showParticleSystems":true},"in2DMode":false,"pivot":{"x":-0.00237312912940979,"y":0.9597022533416748,"z":0.00022581219673156738},"rotation":{"x":0.03820302337408066,"y":0.9088095426559448,"z":-0.08829860389232636,"w":0.40703803300857546},"size":0.990962564945221,"orthographic":false}