{"cameraMode":{"drawMode":0,"name":"Shaded","section":"Shading Mode"},"sceneLighting":false,"audioPlay":false,"sceneViewState":{"showFog":true,"showMaterialUpdate":false,"showSkybox":false,"showFlares":true,"showImageEffects":true,"showParticleSystems":true},"in2DMode":false,"pivot":{"x":-2.2351741790771486e-8,"y":0.07675135880708695,"z":-3.0547380447387697e-7},"rotation":{"x":-0.05838998034596443,"y":-0.8635587692260742,"z":0.10316718369722367,"w":-0.4903617799282074},"size":0.1152472123503685,"orthographic":false}