{"cameraMode":{"drawMode":0,"name":"Shaded","section":"Shading Mode"},"sceneLighting":false,"audioPlay":false,"sceneViewState":{"showFog":true,"showMaterialUpdate":false,"showSkybox":false,"showFlares":true,"showImageEffects":true,"showParticleSystems":true},"in2DMode":false,"pivot":{"x":0.0,"y":0.11153997480869293,"z":-0.0321134552359581},"rotation":{"x":-0.05838998034596443,"y":-0.8635587692260742,"z":0.10316718369722367,"w":-0.4903617799282074},"size":0.1853637844324112,"orthographic":false}