{"cameraMode":{"drawMode":0,"name":"Shaded","section":"Shading Mode"},"sceneLighting":false,"audioPlay":false,"sceneViewState":{"showFog":true,"showMaterialUpdate":false,"showSkybox":false,"showFlares":true,"showImageEffects":true,"showParticleSystems":true},"in2DMode":false,"pivot":{"x":6.605985641479492,"y":2.8379526138305666,"z":7.934202194213867},"rotation":{"x":0.34164905548095705,"y":0.18256287276744843,"z":-0.06816563755273819,"w":0.9195058345794678},"size":13.86979866027832,"orthographic":false}