{"cameraMode":{"drawMode":0,"name":"Shaded","section":"Shading Mode"},"sceneLighting":false,"audioPlay":false,"sceneViewState":{"showFog":true,"showMaterialUpdate":false,"showSkybox":false,"showFlares":true,"showImageEffects":true,"showParticleSystems":true},"in2DMode":false,"pivot":{"x":9.000863075256348,"y":5.7888569831848148,"z":-0.16567230224609376},"rotation":{"x":0.34164905548095705,"y":0.18256287276744843,"z":-0.06816563755273819,"w":0.9195058345794678},"size":13.719504356384278,"orthographic":false}